,PLO1,PLO2,PLO3,PLO4,PLO5,PLO6,PLO7,average
1001,6.9230769230769225,9.72644376899696,69.23076923076923,0.0,44.44444444444444,66.66666666666666,0.0,28.141628719136314
1002,6.9230769230769225,24.316109422492403,0.0,15.988156920799407,0.0,0.0,0.0,6.746763323766962
1003,11.033653846153847,28.267477203647417,0.0,13.989637305699482,16.666666666666664,0.0,23.569350145489818,13.360969309665318
1004,19.903846153846153,32.82674772036474,15.384615384615385,5.329385640266469,22.22222222222222,33.33333333333333,31.425800193986426,22.917992949804958
123456789,27.90865384615384,0.0,0.0,27.979274611398964,16.666666666666664,0.0,0.0,10.364942160602782
1302541,27.307692307692307,4.86322188449848,15.384615384615385,36.71354552183568,0.0,0.0,45.00484966052375,18.467703537023656
average,16.666666666666664,16.666666666666668,16.666666666666668,16.666666666666668,16.666666666666668,16.666666666666664,16.666666666666668,16.666666666666664
