,PLO1,PLO2,PLO3,PLO4,PLO5,average
1001,9.189534141671986,12.743362831858407,77.14285714285715,0.0,0.0,19.81515082327751
1002,6.12635609444799,21.238938053097346,0.0,14.84536082474227,0.0,8.442130994457521
1003,11.486917677089982,27.079646017699115,0.0,12.989690721649486,32.432432432432435,16.797737369774204
1004,19.91065730695597,33.27433628318584,11.428571428571429,6.5979381443298974,43.24324324324324,22.890949281257274
123456789,24.696873005743463,0.0,0.0,25.979381443298973,24.324324324324326,15.00011575467335
1302541,28.589661774090615,5.663716814159292,11.428571428571429,39.58762886597938,0.0,17.053915776560142
average,16.666666666666668,16.666666666666664,16.666666666666668,16.666666666666668,16.666666666666668,16.666666666666668
