,PLO1,PLO2,PLO3,PLO4,PLO5,Sum
1001,60.0,60.0,180.0,0.0,0.0,300.0
1002,40.0,100.0,0.0,60.0,0.0,200.0
1003,75.0,127.5,0.0,52.5,45.0,300.0
1004,130.0,156.66666666666666,26.666666666666664,26.666666666666664,60.0,400.0
123456789,161.25,0.0,0.0,105.0,33.75,300.0
1302541,186.66666666666663,26.666666666666664,26.666666666666664,159.99999999999997,0.0,399.9999999999999
Total,652.9166666666666,470.8333333333333,233.33333333333331,404.16666666666663,138.75,1900.0
Weight,34.364035087719294,24.780701754385966,12.280701754385964,21.2719298245614,7.302631578947369,99.99999999999999
