,PLO1,PLO2,PLO3,PLO4,PLO5,PLO6,PLO7,Sum
1001,40.0,40.0,90.0,0.0,90.0,40.0,0.0,300.0
1002,40.0,100.0,0.0,60.0,0.0,0.0,0.0,200.0
1003,63.75,116.25,0.0,52.5,33.75,0.0,33.75,300.0
1004,115.0,135.0,20.0,20.0,45.0,20.0,45.0,400.0
123456789,161.25,0.0,0.0,105.0,33.75,0.0,0.0,300.0
1302541,157.77777777777777,20.0,20.0,137.77777777777777,0.0,0.0,64.44444444444443,400.0
Total,577.7777777777778,411.25,130.0,375.27777777777777,202.5,60.0,143.19444444444443,1900.0
Weight,30.409356725146203,21.644736842105264,6.842105263157896,19.751461988304094,10.657894736842104,3.1578947368421053,7.536549707602338,100.00000000000001
