student,PLO1,PLO2,PLO3,PLO4,PLO5,PLO6,PLO7
ref,61.60714285714286,100.0,100.0,55.78947368421052,83.33333333333334,100.0,100.0
student_C+,25.0,25.0,25.0,25.0,25.0,25.0,25.0
student_B,50.0,50.0,50.0,50.0,50.0,50.0,50.0
student_B+,75.0,75.0,75.0,75.0,75.0,75.0,75.0
student_C,0.0,0.0,0.0,0.0,0.0,0.0,0.0
student_C++,56.15942028985508,25.0,25.0,64.62264150943396,35.0,25.0,25.0
student_best,162.31884057971016,100.0,100.0,179.24528301886792,120.0,100.0,100.0
student_mix,66.06280193236715,52.87539936102237,86.36363636363636,77.35849056603774,75.0,75.0,35.714285714285715
