student,PLO1,PLO2,PLO3,PLO4,PLO5,PLO6,PLO7
ref,100.0,100.0,100.0,100.0,100.0,100.0,100.0
student_C+,15.401785714285715,25.0,25.0,13.94736842105263,20.833333333333336,25.0,25.0
student_B,30.80357142857143,50.0,50.0,27.89473684210526,41.66666666666667,50.0,50.0
student_B+,46.205357142857146,75.0,75.0,41.8421052631579,62.5,75.0,75.0
student_C,0.0,0.0,0.0,0.0,0.0,0.0,0.0
student_C++,34.598214285714285,25.0,25.0,36.05263157894737,29.166666666666668,25.0,25.0
student_best,100.0,100.0,100.0,100.0,100.0,100.0,100.0
student_mix,40.69940476190476,52.87539936102237,86.36363636363636,43.15789473684211,62.5,75.0,35.714285714285715
