student,PLO1,PLO2,PLO3,PLO4,PLO5
ref,65.41554959785523,100.0,100.0,56.99658703071672,75.67567567567568
student_C+,25.0,25.0,25.0,25.0,25.0
student_B,50.0,50.0,50.0,50.0,50.0
student_B+,75.0,75.00000000000001,75.0,75.0,75.0
student_C,0.0,0.0,0.0,0.0,0.0
student_C++,51.434426229508205,25.0,25.0,62.72455089820359,41.07142857142857
student_best,152.8688524590164,100.0,100.0,175.44910179640718,132.14285714285714
student_mix,65.67622950819673,53.56472795497186,90.32258064516128,74.8502994011976,43.75
