student,PLO1,PLO2,PLO3,PLO4,PLO5
ref,305.0,444.16666666666663,206.66666666666666,139.16666666666666,105.0
student_C+,76.25,111.04166666666666,51.666666666666664,34.791666666666664,26.25
student_B,152.5,222.08333333333331,103.33333333333333,69.58333333333333,52.5
student_B+,228.75,333.125,155.0,104.375,78.75
student_C,0.0,0.0,0.0,0.0,0.0
student_C++,156.875,111.04166666666666,51.666666666666664,87.29166666666666,43.125
student_best,466.25,444.16666666666663,206.66666666666666,244.16666666666666,138.75
student_mix,200.3125,237.91666666666666,186.66666666666666,104.16666666666666,45.9375
